,BP,canonical_smiles
0,337.64986384619414,CO
1,293.7493473748576,CC=O
2,284.8500420195112,C1CO1
3,308.85064398481586,COC=O
4,349.03519255674894,CC(=O)OO
5,184.41950513268296,CC
6,351.34983569705963,CCO
7,248.849402569298,COC
8,331.8504043414245,C#CC=O
9,247.8497595128005,CC#C
10,239.8502146142573,C=C=C
11,329.84969963950414,C=CC=O
12,387.3504194772905,C#CCO
13,412.0497839583455,C=CC(=O)O
14,309.4303574466491,C=COC=O
15,239.8504274942717,C1CC1
16,225.449904671678,CC=C
17,369.85042058708297,C=CCO
18,278.5493848550289,COC=C
19,321.8499537152542,CCC=O
20,329.0705198561838,CC(=O)C
21,307.74960858957274,CC1CO1
22,323.04989119873136,C(=O)C(=O)C=O
23,307.0002660520097,CC1CO1
24,307.7502224513753,CC1CO1
25,332.48208989795626,CC1CO1
26,326.84972185905383,CCOC=O
27,329.85032270550704,CC(=O)OC
28,347.55012132477515,C1COCO1
29,387.99996585739126,C1OCOCO1
30,230.8898663834921,CCC
31,370.1503411925247,CCCO
32,355.34959350682533,CC(C)O
33,283.0496164285244,CCOC
34,315.14993300360965,COCOC
35,283.8506642656186,C#CC#C
36,304.5505823183688,C1=COC=C1
37,397.55036316960366,CC#CC=O
38,354.6002191572716,C#CCC=O
39,400.4499079035926,C=C1CC(=O)O1
40,299.97939887271417,CC#CC
41,283.8501241813676,CC=C=C
42,375.3501090594128,CC=CC=O
43,377.0005788510344,CC=CC=O
44,377.55006836110846,CC=CC=O
45,344.54211907438247,C=CCC=O
46,341.4499837124325,CC(=C)C=O
47,338.8502237462693,C1C=CCO1
48,301.0497403746091,C=COC=C
49,354.4505406646789,CC(=O)C=C
50,380.8502824002132,CC(C#C)O
51,364.541599381128,CC(C#C)O
52,364.541599381128,CC(C#C)O
53,372.0497609073064,C1CC(=O)C1
54,349.5422861290667,CC(=C=O)C
55,353.54967573937364,COC(=O)C=C
56,345.55012848084084,CC(=O)OC=C
57,341.74075485215684,C=CCOC=O
58,361.0505314173589,CC(=O)C(=O)C
59,283.84977085692293,C1CCC1
60,336.3503277775942,CCC1CO1
61,307.8499782404993,CCOC=C
62,347.8507910544929,CCCC=O
63,335.85033380356634,CC(C)C=O
64,352.84934359042364,CCC(=O)C
65,338.8496415448707,C1CCOC1
66,386.55030262044767,C=CCCO
67,370.0500163987652,CC(C=C)O
68,387.5499615779572,CC(=C)CO
69,369.53687076733735,CCC1CO1
70,353.9501710136854,CCCOC=O
71,341.25024838229643,CC(C)OC=O
72,350.05029118656404,CCOC(=O)C
73,352.8502992990364,CCC(=O)OC
74,374.1499696790517,C1COCCO1
75,466.46356346697706,C=CC(CO)O
76,378.5499563245362,C1COCOC1
77,380.6499119160942,CC(C)CO
78,371.85002043826006,CCC(C)O
79,355.3504911747014,CC(C)(C)O
80,372.5503714121932,CCC(C)O
81,372.7504927478087,CCC(C)O
82,371.0498983190002,CCC(C)O
83,311.54998790283474,CCCOC
84,303.7493560153261,CC(C)OC
85,307.55024412931635,CCOCC
86,357.85027371678046,COCCOC
87,338.00004169639936,CCOOCC
88,337.5503299011901,CC(OC)OC
89,328.5505810762341,CC#CC#C
90,313.8497929967897,C1C=CC=C1
91,305.1493764369913,CC(=C)C#C
92,332.54979929782564,CC#CC=C
93,314.8502384552537,C=CCC#C
94,317.59963135385163,CC=CC#C
95,323.4997733754405,CC=CC#C
96,323.99999290183786,C#CC1CC1
97,336.84990032583624,CC1CCCO1
98,332.9544184412784,CC1=COC=C1
99,311.9494629456393,C1CC12CC2
100,316.84979014406366,C1CC=CC1
101,306.85032963943286,CC(=C)C=C
102,311.84991809454635,CC(=C=C)C
103,317.9493558500484,CCC=C=C
104,314.850128188396,CC=CC=C
105,317.1502526206732,CC=CC=C
106,314.95001506724543,CC=CC=C
107,298.850169969996,C=CCC=C
108,321.200452547049,CC=C=CC
109,313.180299145565,CCCC#C
110,329.1200320436561,CCC#CC
111,302.0004343343058,CC(C)C#C
112,310.34996245171897,CC1=CCC1
113,315.1997073830601,C=C1CCC1
114,318.4996837520082,C1CC2C1C2
115,324.5559701906068,C=CC1CC1
116,371.0004692464088,CC(=C)C(=O)C
117,338.99950123489293,C=CCOC=C
118,358.9993124483753,C1CC=COC1
119,396.85056955788855,CCC=CC=O
120,377.43243977282265,CCC=CC=O
121,377.4326209533162,CC=CCC=O
122,377.4326209533162,COC1=CC=CC=C1
123,377.43249174718966,CC=C(C)C=O
124,390.55063109584665,CC=C(C)C=O
125,377.43249174718966,CC(C=C)C=O
126,377.43249174718966,CC(=C)CC=O
127,365.5504187352696,CCC(=C)C=O
128,376.8499413937308,CC(C)(C#C)O
129,388.5503375996572,C=CC(C=C)O
130,382.43259345342767,CC=CC(=O)C
131,382.43271715567033,CCC(=O)C=C
132,395.5503896693258,CC=CC(=O)C
133,376.5504715624013,CC(=O)OCC=C
134,367.0001287017265,CC(=C)OC(=O)C
135,370.5502528863959,CCC(=O)OC=C
136,370.55028792335145,CC=CC(=O)OC
137,392.05013240427513,CC=CC(=O)OC
138,372.8508601682384,CCOC(=O)C=C
139,373.3506363305132,CC(=C)C(=O)OC
140,370.55017538575134,COC1=CC(=C(C=C1)C(=O)C2=CC=C(C=C2)F)O
141,384.05027789502543,CCC(=O)C(=O)C
142,294.8504319161645,CC1(CC1)C
143,301.3497827357775,CC1CC1C
144,308.9496456038717,CCC1CC1
145,311.8501734211104,CC1CCC1
146,322.2507471554296,C1CCCC1
147,303.85016487283235,CCCC=C
148,309.5501145232987,CCC=CC
149,309.64938210992267,CCC=CC
150,309.2503770084453,CCC=CC
151,304.15438333952665,CCC(=C)C
152,293.06032833668417,CC(C)C=C
153,311.5603502873421,CC=C(C)C
154,375.8497545661394,CCCCC=O
155,364.850391879108,CCC(C)C=O
156,365.2501872290644,CC(C)CC=O
157,347.85005697845946,CC(C)(C)C=O
158,361.8359148192516,CCC(C)C=O
159,374.8495317466909,CCCC(=O)C
160,366.8501466379216,CC(C)C(=O)C
161,374.84984825547485,CCC(=O)CC
162,351.8499593590168,CC1CCCO1
163,339.04930448644404,CCOCC=C
164,341.8358728663073,CC(C)OC=C
165,339.20059510400483,CC(=C)COC
166,341.83549868233064,CCCOC=C
167,408.54999024824014,C=CCCCO
168,396.8358817402821,CC=CC(C)O
169,393.0502498704094,CC=CC(C)O
170,388.5506295007167,CC(CC=C)O
171,396.8359552306289,CC(C)(C=C)O
172,396.8354178805896,CC(C(=C)C)O
173,388.0505488892076,CCC(C=C)O
174,360.8505077520346,C1CCOCC1
175,341.83553770896424,CCOC=CC
176,379.5496179257528,CCCCOC=O
177,372.8496239374653,CCCCOC=O
178,370.8500383770429,CC(C)COC=O
179,355.5499069990438,CC(C)(C)OC=O
180,374.55005431132486,CCCOC(=O)C
181,361.8504846843297,CC(C)OC(=O)C
182,372.0506552042276,C1=CC(=CC=C1O)Cl
183,374.850458074522,CCCC(=O)OC
184,364.84998374970286,CC(C)C(=O)OC
185,399.7992345468873,CCOC(=O)OCC
186,309.0602668913858,CCCCC
187,300.8302546651641,CCC(C)C
188,282.5006220743884,CC(C)(C)C
189,366.1673525190557,CC(C)C(C)O
190,374.95075252509696,CCC(C)(C)O
191,344.0502574487477,CCCCOC
192,332.0505878047004,CCC(C)OC
193,331.5505151047089,CC(C)COC
194,328.0498607766241,CC(C)(C)OC
195,336.650050169186,CCCOCC
196,326.3500836542324,CCOC(C)C
197,408.3026826686641,CCOCOCC
198,339.3360028687769,C#CC#CC#C
199,353.0700731351833,C1=CC=CC=C1
200,359.5505570109604,C=CC#CC=C
201,357.8498753719815,C=CC=CC#C
202,353.5497445633818,CC#CCC#C
203,358.8506404259137,C#CCCC#C
204,363.86295539624285,CCC#CC#C
205,348.4974226678338,CC1=CC=CC1
206,353.8504019379754,C1CC=CC=C1
207,348.4980781179924,C1C=CCC=C1
208,353.1503335907956,C=CC=CC=C
209,351.0504941912725,C=CC=CC=C
210,358.0506224489647,CCC#CC=C
211,353.4980608557425,CC#CCC=C
212,353.4975235621122,C=CCCC#C
213,359.2503998713514,CC=CC#CC
214,353.4979155451109,CC#CC(=C)C
215,341.84996157291613,CC=C(C)C#C
216,352.8502815155478,C=CC=CC=C
217,364.85010376371577,CCC1=CC=CO1
218,362.6624680043866,CCC1=COC=C1
219,367.5001006222462,CC1=C(OC=C1)C
220,367.0005627431733,CC1=CC(=CO1)C
221,366.8502719454197,CC1=CC=C(O1)C
222,362.6622646772483,CC1=COC=C1C
223,348.84942995325133,CC1=CCCC1
224,338.8505553240827,CC1CCC=C1
225,338.15044567875566,CC1CC=CC1
226,355.9693821090236,C1CCC=CC1
227,343.0513364973009,CCC=CC=C
228,347.8502903521116,CCCC=C=C
229,345.849842454431,CCC=CC=C
230,346.0800063895926,CCC=CC=C
231,346.24989249389154,CCC=CC=C
232,338.05053688458844,CC=CCC=C
233,343.05183530511454,CC=CCC=C
234,343.05147120879064,CC=CCC=C
235,332.8497647743419,C=CCCC=C
236,341.0005178535373,CCC=C=CC
237,353.8504899917018,CC=CC=CC
238,343.05127141800153,CC=CC=CC
239,357.9300073097307,CC=CC=CC
240,354.849951572145,CC=CC=CC
241,343.0512817807473,CCC(=C=C)C
242,342.8501251222904,CC(C)C=C=C
243,348.85010051378595,CC=CC(=C)C
244,350.0504811192821,CC=C(C)C=C
245,343.0515800068921,CC=C(C)C=C
246,348.5496309363729,CC=CC(=C)C
247,343.0513163454211,CC=C(C)C=C
248,343.0513163454211,CC=C(C)C=C
249,349.55010641358007,CC(=CC=C)C
250,329.0504000975212,CC(=C)CC=C
251,329.0498363800974,CC(C=C)C=C
252,343.85024939035105,CC=C=C(C)C
253,345.8502949907104,CCC(=C)C=C
254,341.84992992207225,CC(=C)C(=C)C
255,343.0518489564604,CC(=CC=C)C
256,344.33049681223565,CCCCC#C
257,357.5194336764525,CCCC#CC
258,354.2000409758748,CCC#CCC
259,329.9993522184604,CCC(C)C#C
260,334.49936780865465,CC(C)CC#C
261,344.99999811642374,CC#CC(C)C
262,310.5003095100139,CC(C)(C)C#C
263,358.05145354909286,C1CC2CC2C1
264,358.05085512715146,CC1CC(C1)C
265,402.49992186025946,CC(=CC(=O)C)C
266,367.0004258231861,C=CCOCC=C
267,411.6772427310035,CCC(=C=O)CC
268,409.0498978450198,CC=CCC(=O)C
269,411.67758842262015,CCC(=O)C(=C)C
270,411.6779231513975,CC(=C)CC(=O)C
271,406.6777827239148,CCC=CCC=O
272,406.6775557441525,CCC=CCC=O
273,406.6777905091863,CC(C)C=CC=O
274,406.677519376846,CC(=C(C)C=O)C
275,406.677519376846,CC(C)(C=C)C=O
276,396.65604606732313,CCCOC(=O)C=C
277,396.6567594022112,CCC(=O)OCC=C
278,396.65604606732313,CCOC(=O)CC=C
279,388.8495079122816,CCCC(=O)OC=C
280,396.6561607101661,CC(C)C(=O)OC=C
281,396.65635365574906,CC(C)OC(=O)C=C
282,401.0497942847117,CCCC(=O)C(=O)C
283,439.9999451434119,CCC(=O)OC(=O)CC
284,337.52764923393755,CCC1(CC1)C
285,340.00970228484726,CCC1CC1C
286,325.8499838446413,CC1CC1(C)C
287,342.14979350083684,CCCC1CC1
288,331.45047225502634,CC(C)C1CC1
289,337.5278159969878,CC1(CCC1)C
290,337.5279792860829,CC1CCC1C
291,329.8505022649828,CC1CCC1C
292,333.55050075679344,CC1CC(C1)C
293,343.6494555118328,CCC1CCC1
294,344.849891577699,CC1CCCC1
295,353.7498513362773,C1CCCCC1
296,336.8502616414714,CCCCC=C
297,340.850240559697,CCCC=CC
298,341.88022533454733,CCCC=CC
299,340.8697381664876,CCCC=CC
300,339.79975591739054,CCC=CCC
301,339.4502667014835,CCC=CCC
302,340.0498633716613,CCC=CCC
303,335.1007267240401,CCCC(=C)C
304,327.18060202187235,CCC(C)C=C
305,326.8600612331864,CC(C)CC=C
306,330.19945248634383,CC=CC(C)C
307,329.37967678066866,CC=CC(C)C
308,331.60015353787526,CC=CC(C)C
309,340.2993091197203,CCC=C(C)C
310,340.8998056155374,CCC(=CC)C
311,340.7005488261456,CCC(=CC)C
312,343.44021920526984,CCC(=CC)C
313,328.61037852044586,CC(C)C(=C)C
314,346.20018838610514,CC(=C(C)C)C
315,314.2395883341435,CC(C)(C)C=C
316,337.66932988182685,CCC(=C)CC
317,366.8500800860799,CCCCOC=C
318,370.6349962303787,CCC(C)OC=C
319,370.6346022985644,CC(C)(C)OC=C
320,356.0505663496096,CC(C)CC(C)C
321,356.5503837727092,CC(C)OCC=C
322,364.0506119003995,CCCOC(=O)C=C
323,401.8495009346418,CCCCCC=O
324,390.85038009911176,CCCC(C)C=O
325,390.6341477000673,CC(C)CCC=O
326,389.85042536486674,CCC(CC)C=O
327,376.0002795167038,CCC(C)(C)C=O
328,390.6345247437792,CC(C)C(C)C=O
329,395.8502033560181,CCCC(=O)CC
330,389.8501275567874,CCC(C)C(=O)C
331,388.8503894348664,C(C(=O)O)(C(=O)O)O
332,378.00066774729737,CCC1CCCO1
333,380.635201418605,CCC1CCOC1
334,364.9993685963247,CC1(CCCO1)C
335,380.6344202618805,CC1CCOC1C
336,380.6345965761448,CC1CC(OC1)C
337,365.8504280335277,CC1CCC(O1)C
338,380.6347940194988,CC1(CCOC1)C
339,381.5001470595327,CC1COCC1C
340,378.8497868720189,CC(=O)C(C)(C)C
341,385.63495656704345,CC(=O)C(C)(C)C
342,387.8499314092432,CCC(=O)C(C)C
343,429.3500895950912,CCC=CCCO
344,432.0499771832688,CC=CCCCO
345,412.85013034363936,C=CCCCCO
346,425.6350381648367,CC(C=C(C)C)O
347,425.6350381648367,CCC=C(C)CO
348,425.6350381648367,CC(C)C=CCO
349,425.6350381648367,CC=CC(C)(C)O
350,425.6350381648367,CC=C(C)C(C)O
351,430.0000696212768,CC(=CCCO)C
352,425.6350381648367,CC(CCC=C)O
353,425.6353599056811,CC(CC(=C)C)O
354,390.5504691651707,CCC(C)(C=C)O
355,425.63495099896767,CCCC(C=C)O
356,390.220209206392,CCCC(C)OC=O
357,390.220209206392,CCC(C)COC=O
358,390.2202425382893,CCC(C)(C)OC=O
359,390.2206346241495,CC(C)C(C)OC=O
360,390.2206346241495,CC(C)(C)COC=O
361,390.2197340073439,CCC(CC)OC=O
362,398.8498921085885,CCCCOC(=O)C
363,384.8501126907837,CCC(C)OC(=O)C
364,389.84994333128105,CC(C)COC(=O)C
365,370.5508175674049,CC(=O)OC(C)(C)C
366,395.8505478331098,CCCOC(=O)CC
367,383.0002933787232,CCC(=O)OC(C)C
368,393.8502027976092,C1=CC=C(C=C1)COC(=O)C2=CC=C(C=C2)O
369,383.2500397883461,CCOC(=O)C(C)C
370,409.8503817743962,CCCCC(=O)OC
371,389.8506087042349,CC(C)CC(=O)OC
372,388.9002603112074,CCC(C)C(=O)OC
373,374.04918901676126,CC(C)(C)C(=O)OC
374,396.99975498466927,CC1OC(OC(O1)C)C
375,341.70995125866006,C(C(=O)O)S
376,333.20972401582185,CCCC(C)C
377,336.270531335076,CCC(C)CC
378,322.73002539430234,CCC(C)(C)C
379,330.97944042959966,CC(C)C(C)C
380,392.84984183291664,CC(C(C)(C)C)O
381,394.5370861467417,CC(C(C)(C)C)O
382,371.85027671138425,CCCCCOC
383,364.8505481786258,CCCC(C)OC
384,364.5369637602949,CCC(CC)OC
385,364.5370972494432,CCC(C)COC
386,364.4502278995062,CC(C)CCOC
387,359.1497613473764,CCC(C)(C)OC
388,364.5369568524284,CCC(C)(C)OC
389,364.5499278555581,CCCCOCC
390,348.34995412677176,CCC(C)OCC
391,354.04966419928473,CCOCC(C)C
392,345.95002712276124,CCOC(C)(C)C
393,362.8499093987817,CCCOCCC
394,356.0505754172572,CCCOC(C)C
395,341.25005937363085,CC(C)OC(C)C
396,364.5369568524284,CC(C)(C)COC
397,375.7007793640893,CCOC(C)OCC
398,389.5500639230647,C1C=CC=CC=C1
399,383.6002821058866,CC1=CC=CC=C1
400,389.5425551539096,C=CCC#CC=C
401,394.5427502907944,CC#CCCC#C
402,385.050613014181,C#CCCCC#C
403,362.500438139144,C1C2C=CC1C=C2
404,379.5422498062809,C1C2C=CC1C=C2
405,389.5428263225441,CC(=C)C#CC=C
406,368.5000828842044,C1CC2CC1C=C2
407,381.7503011296069,CCCC#CC=C
408,378.677310302062,CC=CC=CC=C
409,378.67728991059255,CC1=CCCC=C1
410,398.0001697546727,C1C=CCC2C1C2
411,377.4501094264858,CCC#CC(=C)C
412,371.0504613755048,CC1=CC=CCC1
413,383.6767437397496,C1C2CC2C3C1C3
414,383.67715895453017,C1C2CC3C1C3C2
415,383.6770707488628,C=CCC(Cl)Cl
416,389.4730886132242,CCC1=CC=C(O1)C
417,389.47348282938856,CCCC1=CC=CO1
418,378.84926868161904,CCC1=CCCC1
419,370.8499763108922,CCC1CCC=C1
420,371.2503045808173,CCC1CC=CC1
421,375.8498216225042,CC1=C(CCC1)C
422,372.7499657611887,CC1CCC(=C1)C
423,375.04986933369486,CC1CCC=C1C
424,372.7497725116485,CC1(CCC=C1)C
425,372.7491696551725,CC1CC=CC1C
426,372.7491696551725,CC1CC=CC1C
427,372.7491696551725,CC1CC(C=C1)C
428,372.7497725116485,CC1(CC=CC1)C
429,381.85033761801407,CC1=CCCCC1
430,376.8498428936903,CC1CCCC=C1
431,375.8497302530308,CC1CCC=CC1
432,372.7798702995674,CCCCCC#C
433,384.99981309001646,CCCCC#CC
434,380.1599801830082,CCCC#CCC
435,358.00044736510165,CCCC(C)C#C
436,364.00058926190354,CCC(C)CC#C
437,364.8505415920723,CC(C)CCC#C
438,372.540182834381,CCC(C)C#CC
439,375.4599033998402,CC#CCC(C)C
440,368.1995978237116,CCC#CC(C)C
441,342.99954236313647,CCC(C)(C)C#C
442,353.0001472543824,CC(C)C(C)C#C
443,349.07992333944674,CC(C)(C)CC#C
444,356.00048480821715,CC#CC(C)(C)C
445,356.99979629505526,CCC(CC)C#C
446,378.3000684156452,C1CC2CCC1C2
447,389.50030600096864,C1CCC2CC2C1
448,387.34929884758566,C1CCC=CCC1
449,376.75032513492266,CCCCC=C=C
450,366.0002660558023,CCCSCCCCSCCC
451,367.25031462297056,CC=CCCC=C
452,362.5505292671285,C=CCCCC=C
453,381.04997492987815,CCC=CC=CC
454,359.84922690522654,CC(=C)CCC=C
455,394.5504646598523,CC=CC=C(C)C
456,366.4493914382738,CC(=CC(=C)C)C
457,366.0993247233902,CC12CCCC1C2
458,375.4998645317769,C=C1CCCCC1
459,355.850386744424,CC(=C=C(C)C)C
460,397.5504511059469,CC(C)(CC=C)C=O
461,438.00048281444526,CC1CCCCC1=O
462,442.5503311167927,CC1CCCC(=O)C1
463,376.45064777955054,CCC1CCCC1
464,360.74981704566704,CC1(CCCC1)C
465,369.8501459569412,CC1CCCC1C
466,372.3497127244504,CC1CCCC1C
467,364.8498117996284,COS(=O)(=O)O
468,364.18015671368346,CC1CCC(C1)C
469,363.8494626041065,CC1CCC(C1)C
470,363.8498689159306,CC1CCC(C1)C
471,373.8502019735432,CC1CCCCC1
472,391.7899209599412,C1CCCCCC1
473,366.6401820915023,CCCCCC=C
474,371.2500381283229,CCCCC=CC
475,371.4097846372683,CCCCC=CC
476,370.8503165346797,CCCCC=CC
477,368.8497185137015,CCCC=CCC
478,366.7634180130672,CCCCCCC=C
479,368.75037318924166,CCCC=CCC
480,368.6705088436699,CCCC=CCC
481,364.8392525240624,CCCCC(=C)C
482,356.89986935531766,CCCC(C)C=C
483,359.7301051012655,CCC(C)CC=C
484,358.31036769838653,CC(C)CCC=C
485,368.4095249666505,CCCC=C(C)C
486,370.2602399733918,CCCC(=CC)C
487,368.18001654374086,CCCC(=CC)C
488,359.31044957432647,CCC(C)C=CC
489,360.5613375648298,CCCC(=CC)C
490,362.5005791448242,CC=CCC(C)C
491,361.1098009047902,CC=CCC(C)C
492,359.05015953142447,CCC=CC(C)C
493,358.90024609191283,CCC=CC(C)C
494,368.4011560954983,CCC=C(C)CC
495,366.541494297908,CCC=C(C)CC
496,367.0001720333402,CCC(CC)C=C
497,357.1100250936448,CCC(CC)C=C
498,357.27958369192663,CCC(C)C(=C)C
499,354.6104249468418,CC(C)CC(=C)C
500,350.4798373650392,CCC(C)(C)C=C
501,353.79978305742907,CC(C)C(C)C=C
502,345.51809965089205,CC(C)(C)CC=C
503,369.0098278488704,CCC(=CC)CC
504,367.84981036459817,CCC(=C(C)C)C
505,356.29930696372816,CC(C)C=C(C)C
506,362.350047147524,CC=C(C)C(C)C
507,364.4502480760452,CC=C(C)C(C)C
508,352.8501278816654,CC=CC(C)(C)C
509,349.5505965637424,CC=CC(C)(C)C
510,360.8505082444729,CCC(=C)C(C)C
511,350.84998825884696,CC(=C)C(C)(C)C
512,359.2999293913926,CC=C(C)C(C)C
513,348.8503137875496,CC1(CC1(C)C)C
514,361.66991468032165,CCC1(CC1)CC
515,397.8500069187037,CC(=O)CC(C)(C)C
516,397.8500069187037,CCC(=O)C(C)(C)C
517,397.8500304420968,CC(C)C(=O)C(C)C
518,396.7332470736961,CC(C)CCOC=C
519,396.733427255048,CCC(C)(C)OC=C
520,396.4999733784195,CCC(C)(C)OC(=O)C
521,393.7500649093329,CC(C)C(=O)OC(C)C
522,391.0500029432808,CCOC(=O)C(C)(C)C
523,371.38060768587866,CCCCCCC
524,363.0487191613514,CCCCC(C)C
525,364.85049866408,CCCC(C)CC
526,365.0005548450096,CCCC(C)CC
527,352.1899684186643,CCCC(C)(C)C
528,362.7803261646115,CCC(C)C(C)C
529,353.48981065706033,CC(C)CC(C)C
530,359.06009281390664,CCC(C)(C)CC
531,353.879738275294,CC(C)C(C)(C)C
532,366.4703593941135,CCC(CC)CC
533,402.8501607385999,CC(C)(C)C(C)(C)O
534,392.5496055302926,CCCCCOCC
535,390.14950910916497,CCCCOCCC
536,390.2961543543595,CCCCOC(C)C
537,390.2962520557962,CCC(C)OC(C)C
538,360.649485682174,CC(C)OC(C)(C)C
539,390.2964139783858,CC(C)COC(C)C
540,375.0497996071068,CCC(C)(C)OCC
541,390.2964734177072,CCOCCC(C)C
542,382.1497930711295,CCCCOC(C)C
543,380.8503596638777,CCCOCC(C)C
544,370.4505115622902,CCCOC(C)(C)C
545,411.3600245952084,C1=C(C=C(C=C1O)O)O
546,417.1057471851551,CC(=C)C#CC(=C)C
547,410.85319997557787,C=CC1CCC=CC1
548,405.8532993205806,CC1CC(=CC=C1)C
549,405.85306143485536,CC1CC=CC=C1C
550,405.8530519889312,CC1CC=C(C=C1)C
551,405.8531726193882,CC1CC=CC(=C1)C
552,410.85250079304313,C=CC1CCC1C=C
553,420.8540507976789,C1CCC=CC=CC1
554,420.85395687886194,C1CC=CCCC=C1
555,410.8533729178545,C1CC2C3C2C1CC3
556,392.55055167160606,CC(C)(C)C1=CC=CO1
557,405.049814483226,CCCC1=CCCC1
558,394.9492159908641,CC1CCC(=C1C)C
559,379.84999146581697,CC1=CCCC1(C)C
560,404.8499729862529,CCC1CCCC=C1
561,399.55240499873565,CCC1CCC=CC1
562,400.0501645819016,CC1CCCC(=C1)C
563,397.8501166387948,CC1CCC(=CC1)C
564,401.8503582971941,CC1CCC=C(C1)C
565,397.8503890832427,CC1CCCC=C1C
566,399.5523579544137,CC1(CCCC=C1)C
567,399.5517453512015,CC1CC=CC(C1)C
568,393.8508165209138,CC1(CCC=CC1)C
569,399.2000848265438,CCCCCCC#C
570,404.5996510056548,CCCC#CCCC
571,399.55186635666536,CCCCC(C)C#C
572,399.55186635666536,CCCC(C)CC#C
573,399.55186635666536,CCC(C)CCC#C
574,399.55186635666536,CC(C)CCCC#C
575,399.55186635666536,CCCC(C)C#CC
576,399.55186635666536,CCC(C)CC#CC
577,399.55186635666536,CC#CCCC(C)C
578,399.55186635666536,CCC#CC(C)CC
579,399.55186635666536,CCC#CCC(C)C
580,399.55186635666536,CCCC#CC(C)C
581,399.5518639197393,CCCC(C)(C)C#C
582,399.5518639197393,CCC(C)C(C)C#C
583,399.5518639197393,CC(C)CC(C)C#C
584,399.5518639197393,CCC(C)(C)C#CC
585,399.5518639197393,CC#CC(C)C(C)C
586,399.5518639197393,CCC#CC(C)(C)C
587,399.55186635666536,CCCC(CC)C#C
588,388.8503081583835,C=CCCCCC=C
589,383.5505286323152,CC=CCC(C)C=C
590,387.33989094323647,CC(=C)CCC(=C)C
591,406.849676398787,CC(=CC=C(C)C)C
592,414.55204754609633,C1CC2CCCC2C1
593,414.5524216416378,C1CC2CCCC2C1
594,414.55163811510886,C1CCCC=CCC1
595,414.55261030163047,CC12CCCCC1C2
596,414.55238269042223,C1CCC2CC2CC1
597,414.5524747216655,CC(C)(CC=C)C=C
598,414.55216747107886,C1CCC2CCC2C1
599,398.9465684894569,CCCC1CCC=C1
600,403.9500660015811,CCCC1CCCC1
601,399.4202098551574,CC(C)C1CCCC1
602,394.5501562610294,CCC1(CCCC1)C
603,400.9499218974548,CCC1CCCC1C
604,394.1398423289056,CCC1CCCC1C
605,394.4494159064661,CCC1CCC(C1)C
606,393.8494907126477,CCC1CCC(C1)C
607,386.74968354463977,CC1CCCC1(C)C
608,377.9493682171986,CC1CCC(C1)(C)C
609,395.9997609277785,CC1CCC(C1C)C
610,390.5505014208187,CC1CCC(C1C)C
611,398.20492807117785,CC1CCC(C1C)C
612,389.74962018491686,CC1CC(C(C1)C)C
613,389.8500759635335,CC1CC(C(C1)C)C
614,382.85003411085313,CC1CC(C(C1)C)C
615,394.0504288506975,CCC1CCC(C1)C
616,404.8508265859358,CCC1=CC=CC=C1
617,392.8500067672052,CC1(CCCCC1)C
618,398.8500545342842,CC1CCCCC1C
619,402.8497496794608,CC1CCCCC1C
620,396.5499219268577,CC1CCCCC1C
621,392.8502501474701,CC1CCCC(C1)C
622,392.849716503101,CC1CCCC(C1)C
623,395.8497953156176,CC1CCCC(C1)C
624,393.8496457412173,CC1=CC=C(C=C1)C
625,396.85016743969305,CC1CCC(CC1)C
626,392.4497570152849,CC1CCC(CC1)C
627,394.84987862254127,CCCCCCC=C
628,397.8504217703055,CCCCCC=CC
629,397.85051096655417,CCCCCC=CC
630,393.2033828597599,CCCCCC=CC
631,395.9503069334162,CCCCC=CCC
632,396.27004802394464,CCCCC=CCC
633,395.2997141913861,CCCC=CCCC
634,395.5505357514392,CCCC=CCCC
635,394.850489857117,CCCC=CCCC
636,391.8497661256083,CCCCCC(=C)C
637,384.00015840334464,CCCCC(C)C=C
638,385.4994959699192,CCCC(C)CC=C
639,386.3001284808293,CCC(C)CCC=C
640,385.8499300672128,CC(C)CCCC=C
641,395.8494241007836,CCCCC=C(C)C
642,393.2042084884994,CCCCC(=CC)C
643,393.2048343711124,CCCC(C)C=CC
644,393.2042516796688,CCC(C)CC=CC
645,393.2042516796688,CCC(C)CC=CC
646,393.2044993036105,CC=CCCC(C)C
647,393.20406379860174,CC=CCCC(C)C
648,393.2043952716065,CCC=CCC(C)C
649,393.2041489041087,CCCC=CC(C)C
650,393.2038469470688,CCCC=CC(C)C
651,386.9802122186251,CCCC=CC(C)C
652,394.2000576130517,CCCC=C(C)CC
653,393.2044922892592,CCCC=C(C)CC
654,393.2041180834565,CCCC(=CCC)C
655,393.2041489041087,CCC=CC(C)CC
656,393.2038469470688,CCC=CC(C)CC
657,393.2038469470688,CCC=CC(C)CC
658,393.2037300978012,CCC=CCC(C)C
659,393.2040986070873,CCCCC(=C)CC
660,393.2042516875505,CCC(CC)CC=C
661,393.2044465987335,CCC(C)CC(=C)C
662,393.2038722636812,CC(C)CCC(=C)C
663,393.20386497673377,CCCC(C)(C)C=C
664,393.2039695574801,CCC(C)C(C)C=C
665,393.2043241438894,CC(C)CC(C)C=C
666,393.2038050773563,CCC(C)(C)CC=C
667,393.2045665251155,CC(C)C(C)CC=C
668,393.2042333218404,CC(C)(C)CCC=C
669,393.2044922892592,CCCC(=CC)CC
670,393.20458652961736,CCC(CC)C=CC
671,394.8599264424395,CCCC(=C(C)C)C
672,383.85001211703496,CCC(C)C=C(C)C
673,385.5001231077249,CC(C)CC=C(C)C
674,393.2037777846315,CCC(C)C(=CC)C
675,393.2041244482412,CC=C(C)CC(C)C
676,393.2036106368576,CCC(C)(C)C=CC
677,393.2041515954497,CC=CC(C)C(C)C
678,393.2040603381797,CC=CC(C)C(C)C
679,393.20471366028926,CC=CCC(C)(C)C
680,393.2035400376879,CC=CCC(C)(C)C
681,393.2042027107648,CCC=C(CC)CC
682,378.55044041536667,CCC=CC(C)(C)C
683,373.85043668460986,CCC=CC(C)(C)C
684,393.2033686052532,CCC=C(C)C(C)C
685,380.65020645017,CCC(=CC(C)C)C
686,371.65018344547593,CC(C)C=CC(C)C
687,375.0403671446279,CC(C)C=CC(C)C
688,393.2041420626013,CCC(=C(C)CC)C
689,393.2041420626013,CCC(=C(C)CC)C
690,393.20382697470313,CCCC(=C)CCC
691,393.2043806217988,CCCC(=C)C(C)C
692,384.7503834453944,CCC(C)C(=C)CC
693,393.204633922828,CCC(=C)CC(C)C
694,382.549826962633,CCC(CC)C(=C)C
695,383.5498654775209,CCC(C)(CC)C=C
696,380.5501061649217,CCC(C=C)C(C)C
697,381.3093696672456,CC(=C)CC(C)(C)C
698,381.0001245001676,CC(C)C(C)C(=C)C
699,374.8500293777506,CC(=C)CC(C)(C)C
700,377.8494622917409,CC(C)C(C)(C)C=C
701,376.8500229408572,CC(C=C)C(C)(C)C
702,393.20356467052767,CCC(=C(C)C)CC
703,389.55064645988665,CC(C)C(=C(C)C)C
704,377.8500428296517,CC(=CC(C)(C)C)C
705,385.3000544679203,CC=C(C)C(C)(C)C
706,393.20332404704345,CC=C(C)C(C)(C)C
707,393.2041489041087,CC=C(C)C(C)(C)C
708,393.20421782670167,CC(=C)CC(C)(C)C
709,393.2034981085818,CC(=O)OCCOC
710,390.20059637202456,CCC(=C)C(C)(C)C
711,398.6199859082325,CCCCCCCC
712,390.6501699476602,CCCCCC(C)C
713,391.9304286709062,CCCCC(C)CC
714,390.7094345765286,CCCC(C)CCC
715,379.8404897920082,CCCCC(C)(C)C
716,388.6101693442732,CCCC(C)C(C)C
717,388.0005362644493,CCCCC(C)(C)C
718,382.4297775759431,CCC(C)CC(C)C
719,382.1103653545584,CC(C)CCC(C)C
720,384.9698474865525,CCCC(C)(C)CC
721,390.7293788756796,CCC(C)C(C)CC
722,382.839950054048,CCC(C)C(C)(C)C
723,372.24037104468175,CC(C)CC(C)(C)C
724,387.76978635943567,CCC(C)(C)C(C)C
725,386.4703648538159,CC(C)C(C)C(C)C
726,379.2894834338957,CC(C)(C)C(C)(C)C
727,391.5402783069508,CCCC(CC)CC
728,388.65030998056574,CCC(CC)C(C)C
729,391.2697319626077,CCC(C)(CC)CC
730,393.85035308928144,CCC(C)OC(C)CC
731,379.7501437759451,CC(C)(C)OC(C)(C)C
732,413.96186442621735,CCC(C)OC(C)CC
733,395.5500058388199,CC(C)COCC(C)C
734,478.870112407934,CC(C)(C)OOC(C)(C)C
735,478.8690338579609,CCCOCCOCCC
736,432.223921288842,CC=C1CC2CC1C=C2
737,432.2247551844836,C=CC1CC2CC1C=C2
738,439.0614748593854,C1CCCC2CC2CC1
739,439.061495895848,CC12CCC(C1)(CC2)C
740,439.06136370269655,CC1C(C2CCC1C2)C
741,422.4224603148628,CCC1CCC(C1)(C)C
742,422.4229043007631,CC1(CCCC1(C)C)C
743,422.4222827860932,CC1(CCC(C1)(C)C)C
744,422.42193271037047,CC1CC(CC1C)(C)C
745,422.42248063877935,CC1CC(C(C1C)C)C
746,409.8499866625151,CC1CCCC(C1)(C)C
747,408.0491566319781,CC1CCC(CC1)(C)C
748,418.6098403943779,CC1CCCC(C1C)C
749,420.7497262387503,CC1CCC(C(C1)C)C
750,422.42193842916976,CC1CCC(C(C1)C)C
751,417.6503402709902,CC1CCC(C(C1)C)C
752,411.5501513165741,CC1CC(CC(C1)C)C
753,387.249570863535,CC(C)CC=CC(C)C
754,422.4225314592313,CC1CCC(C1(C)C)C
755,482.8466085198146,CC(C)C1CCC(CC1)O
756,405.6907507769685,CCCCCC(C)(C)C
757,405.89955151827456,CCCC(C)CC(C)C
758,408.21012760445984,CC(C)CCCC(C)C
759,408.2106348199498,CCCC(C)(C)CCC
760,406.5992931089804,CCCC(C)C(C)(C)C
761,399.5399419813798,CCC(C)CC(C)(C)C
762,397.0899485314712,CC(C)CCC(C)(C)C
763,404.3501813993756,CC(C)CC(C)C(C)C
764,403.6605994927736,CCC(C)(C)CC(C)C
765,406.0300949212944,CC(C)C(C)C(C)(C)C
766,395.2905053817336,CC(C)(C)CC(C)(C)C
767,406.8101336282122,CCC(CC)CC(C)C
768,406.8404848107432,CCC(CC)C(C)(C)C
769,409.7200257663004,CCC(C(C)C)C(C)C
770,448.8959883703435,C1=CC(C=C1)C2C=CC=C2
771,458.5515907354689,CC(=CCCC(=C)C=C)C
772,453.551799030566,CC1C(=C(C(=C1C)C)C)C
773,439.82315525930494,CC(C)(C)C=CC(C)(C)C
774,439.8234257269429,CC(C)(C)C=CC(C)(C)C
775,493.53675241444535,CC(C)CCCC(C)CC=O
776,513.2806684929036,CC(C)COCCOCC(C)C
